Mountain,link
"Ann, Mount ",https://www.peakbagger.com/peak.aspx?pid=24837
"Baker, Mount ",https://www.peakbagger.com/peak.aspx?pid=1633
Bedal Peak,https://www.peakbagger.com/peak.aspx?pid=1800
Big Devil Peak,https://www.peakbagger.com/peak.aspx?pid=24813
Black Peak,https://www.peakbagger.com/peak.aspx?pid=1830
"Blum, Mt",https://www.peakbagger.com/peak.aspx?pid=1640
"Buckner, Mount ",https://www.peakbagger.com/peak.aspx?pid=1852
"Challenger, Mount ",https://www.peakbagger.com/peak.aspx?pid=1650
Circle Peak,https://www.peakbagger.com/peak.aspx?pid=25588
Coleman Pinnacle,https://www.peakbagger.com/peak.aspx?pid=25965
Colonial Peak,https://www.peakbagger.com/peak.aspx?pid=1838
Columbia Peak,https://www.peakbagger.com/peak.aspx?pid=1813
Corteo Peak,https://www.peakbagger.com/peak.aspx?pid=1832
Crater Peak,https://www.peakbagger.com/peak.aspx?pid=1701
Cutthroat Peak,https://www.peakbagger.com/peak.aspx?pid=1718
Del Campo Peak,https://www.peakbagger.com/peak.aspx?pid=1808
Desolation Peak,https://www.peakbagger.com/peak.aspx?pid=1688
Dock Butte,https://www.peakbagger.com/peak.aspx?pid=1623
Dome Peak,https://www.peakbagger.com/peak.aspx?pid=1886
Eldorado Peak,https://www.peakbagger.com/peak.aspx?pid=1846
"Erie, Mount ",https://www.peakbagger.com/peak.aspx?pid=772
Fisher Peak,https://www.peakbagger.com/peak.aspx?pid=1826
Forbidden Peak,https://www.peakbagger.com/peak.aspx?pid=1849
Fortress Mountain,https://www.peakbagger.com/peak.aspx?pid=1981
Gee Point,https://www.peakbagger.com/peak.aspx?pid=24588
Glacier Peak,https://www.peakbagger.com/peak.aspx?pid=1972
Green Mountain,https://www.peakbagger.com/peak.aspx?pid=1862
Hidden Lake Peaks,https://www.peakbagger.com/peak.aspx?pid=1847
Hurricane Peak,https://www.peakbagger.com/peak.aspx?pid=25517
Hurry-up Peak,https://www.peakbagger.com/peak.aspx?pid=1869
Jack Mountain,https://www.peakbagger.com/peak.aspx?pid=1699
Jumbo Mountain,https://www.peakbagger.com/peak.aspx?pid=19110
Kyes Peak,https://www.peakbagger.com/peak.aspx?pid=1812
Le Conte Mountain,https://www.peakbagger.com/peak.aspx?pid=1875
Little Devil Peak,https://www.peakbagger.com/peak.aspx?pid=24784
Little Mountain,https://www.peakbagger.com/peak.aspx?pid=25612
"Logan, Mount ",https://www.peakbagger.com/peak.aspx?pid=1828
Lookout Mountain,https://www.peakbagger.com/peak.aspx?pid=24595
Luna Peak,https://www.peakbagger.com/peak.aspx?pid=1651
Park Butte Lookout,https://www.peakbagger.com/peak.aspx?pid=24596
"Prophet, Mt",https://www.peakbagger.com/peak.aspx?pid=1649
"Pugh, Mount ",https://www.peakbagger.com/peak.aspx?pid=1974
Ruby Mountain,https://www.peakbagger.com/peak.aspx?pid=1814
Ruth Mountain,https://www.peakbagger.com/peak.aspx?pid=1627
Sahale Peak,https://www.peakbagger.com/peak.aspx?pid=1854
Sauk Mountain,https://www.peakbagger.com/peak.aspx?pid=24532
Sentinel Peak,https://www.peakbagger.com/peak.aspx?pid=1879
"Shuksan, Mount ",https://www.peakbagger.com/peak.aspx?pid=1630
Sloan Peak,https://www.peakbagger.com/peak.aspx?pid=1803
Snowfield Peak,https://www.peakbagger.com/peak.aspx?pid=1840
Snowking Mountain,https://www.peakbagger.com/peak.aspx?pid=1857
Sourdough Mountain,https://www.peakbagger.com/peak.aspx?pid=1661
"Spickard, Mount ",https://www.peakbagger.com/peak.aspx?pid=1610
"Torment, Mount ",https://www.peakbagger.com/peak.aspx?pid=1848
Trappers Peak,https://www.peakbagger.com/peak.aspx?pid=25514
Tricouni Peak,https://www.peakbagger.com/peak.aspx?pid=1842
"Triumph, Mount ",https://www.peakbagger.com/peak.aspx?pid=1642
"Watson, Mount ",https://www.peakbagger.com/peak.aspx?pid=24228
West McMillan Spire,https://www.peakbagger.com/peak.aspx?pid=1658
White Chuck Mountain,https://www.peakbagger.com/peak.aspx?pid=1787
