Mountain,Leader Name,Proposed Date,Proposed Route,Availability: going(capacity,Trip Report
"Ann, Mount ",,,,,
"Baker, Mount ",,,,,
Bedal Peak,,,,,
Big Devil Peak,,,,,
Black Peak,,,,,
"Blum, Mt",,,,,
"Buckner, Mount ",,,,,
"Challenger, Mount ",,,,,
Circle Peak,,,,,
Coleman Pinnacle,,,,,
Colonial Peak,,,,,
Columbia Peak,,,,,
Corteo Peak,,,,,
Crater Peak,,,,,
Cutthroat Peak,,,,,
Del Campo Peak,,,,,
Desolation Peak,,,,,
Dock Butte,,,,,
Dome Peak,,,,,
Eldorado Peak,,,,,
"Erie, Mount ",,,,,
Fisher Peak,,,,,
Forbidden Peak,,,,,
Fortress Mountain,,,,,
Gee Point,,,,,
Glacier Peak,,,,,
Green Mountain,,,,,
Hidden Lake Peaks,,,,,
Hurricane Peak,,,,,
Hurry-up Peak,,,,,
Jack Mountain,,,,,
Jumbo Mountain,,,,,
Kyes Peak,,,,,
Le Conte Mountain,,,,,
Little Devil Peak,,,,,
Little Mountain,,,,,
"Logan, Mount ",,,,,
Lookout Mountain,,,,,
Luna Peak,,,,,
Park Butte Lookout,,,,,
"Prophet, Mt",,,,,
"Pugh, Mount ",,,,,
Ruby Mountain,,,,,
Ruth Mountain,,,,,
Sahale Peak,,,,,
Sauk Mountain,,,,,
Sentinel Peak,,,,,
"Shuksan, Mount ",,,,,
Sloan Peak,,,,,
Snowfield Peak,,,,,
Snowking Mountain,,,,,
Sourdough Mountain,,,,,
"Spickard, Mount ",,,,,
"Torment, Mount ",,,,,
Trappers Peak,,,,,
Tricouni Peak,,,,,
"Triumph, Mount ",,,,,
"Watson, Mount ",,,,,
West McMillan Spire,,,,,
White Chuck Mountain,,,,,