link,elevation
https://www.peakbagger.com/peak.aspx?pid=24837,"Elevation: 5840+ feet, 1780+ meters"
https://www.peakbagger.com/peak.aspx?pid=1633,"Elevation: 10,781 feet, 3286 meters"
https://www.peakbagger.com/peak.aspx?pid=1800,"Elevation: 6554 feet, 1998 meters"
https://www.peakbagger.com/peak.aspx?pid=24813,"Elevation: 7055 feet, 2150 meters"
https://www.peakbagger.com/peak.aspx?pid=1830,"Elevation: 8970 feet, 2734 meters"
https://www.peakbagger.com/peak.aspx?pid=1640,"Elevation: 7680 feet, 2341 meters"
https://www.peakbagger.com/peak.aspx?pid=1852,"Elevation: 9114 feet, 2778 meters"
https://www.peakbagger.com/peak.aspx?pid=1650,"Elevation: 8207 feet, 2501 meters"
https://www.peakbagger.com/peak.aspx?pid=25588,"Elevation: 5983 feet, 1824 meters"
https://www.peakbagger.com/peak.aspx?pid=25965,"Elevation: 6403 feet, 1952 meters"
https://www.peakbagger.com/peak.aspx?pid=1838,"Elevation: 7771 feet, 2369 meters"
https://www.peakbagger.com/peak.aspx?pid=1813,"Elevation: 7172 feet, 2186 meters"
https://www.peakbagger.com/peak.aspx?pid=1832,"Elevation: 8080+ feet, 2463+ meters"
https://www.peakbagger.com/peak.aspx?pid=1701,"Elevation: 8128 feet, 2477 meters"
https://www.peakbagger.com/peak.aspx?pid=1718,"Elevation: 8050 feet, 2454 meters"
https://www.peakbagger.com/peak.aspx?pid=1808,"Elevation: 6610 feet, 2015 meters"
https://www.peakbagger.com/peak.aspx?pid=1688,"Elevation: 6102 feet, 1860 meters"
https://www.peakbagger.com/peak.aspx?pid=1623,"Elevation: 5239 feet, 1597 meters"
https://www.peakbagger.com/peak.aspx?pid=1886,"Elevation: 8920+ feet, 2719+ meters"
https://www.peakbagger.com/peak.aspx?pid=1846,"Elevation: 8868 feet, 2703 meters"
https://www.peakbagger.com/peak.aspx?pid=772,"Elevation: 1273 feet, 388 meters"
https://www.peakbagger.com/peak.aspx?pid=1826,"Elevation: 8040+ feet, 2451+ meters"
https://www.peakbagger.com/peak.aspx?pid=1849,"Elevation: 8815 feet, 2687 meters"
https://www.peakbagger.com/peak.aspx?pid=1981,"Elevation: 8760+ feet, 2670+ meters"
https://www.peakbagger.com/peak.aspx?pid=24588,"Elevation: 4974 feet, 1516 meters"
https://www.peakbagger.com/peak.aspx?pid=1972,"Elevation: 10,520+ feet, 3206+ meters"
https://www.peakbagger.com/peak.aspx?pid=1862,"Elevation: 6500 feet, 1981 meters"
https://www.peakbagger.com/peak.aspx?pid=1847,"Elevation: 7088 feet, 2160 meters"
https://www.peakbagger.com/peak.aspx?pid=25517,"Elevation: 6414 feet, 1955 meters"
https://www.peakbagger.com/peak.aspx?pid=1869,"Elevation: 7821 feet, 2384 meters"
https://www.peakbagger.com/peak.aspx?pid=1699,"Elevation: 9066 feet, 2763 meters"
https://www.peakbagger.com/peak.aspx?pid=19110,"Elevation: 5840+ feet, 1780+ meters"
https://www.peakbagger.com/peak.aspx?pid=1812,"Elevation: 7280+ feet, 2219+ meters"
https://www.peakbagger.com/peak.aspx?pid=1875,"Elevation: 7762 feet, 2366 meters"
https://www.peakbagger.com/peak.aspx?pid=24784,"Elevation: 6984 feet, 2129 meters"
https://www.peakbagger.com/peak.aspx?pid=25612,"Elevation: 934 feet, 285 meters"
https://www.peakbagger.com/peak.aspx?pid=1828,"Elevation: 9087 feet, 2770 meters"
https://www.peakbagger.com/peak.aspx?pid=24595,"Elevation: 5699 feet, 1737 meters"
https://www.peakbagger.com/peak.aspx?pid=1651,"Elevation: 8311 feet, 2533 meters"
https://www.peakbagger.com/peak.aspx?pid=24596,"Elevation: 5440+ feet, 1658+ meters"
https://www.peakbagger.com/peak.aspx?pid=1649,"Elevation: 7640+ feet, 2329+ meters"
https://www.peakbagger.com/peak.aspx?pid=1974,"Elevation: 7201 feet, 2195 meters"
https://www.peakbagger.com/peak.aspx?pid=1814,"Elevation: 7408 feet, 2258 meters"
https://www.peakbagger.com/peak.aspx?pid=1627,"Elevation: 7115 feet, 2169 meters"
https://www.peakbagger.com/peak.aspx?pid=1854,"Elevation: 8680+ feet, 2646+ meters"
https://www.peakbagger.com/peak.aspx?pid=24532,"Elevation: 5541 feet, 1689 meters"
https://www.peakbagger.com/peak.aspx?pid=1879,"Elevation: 8261 feet, 2518 meters"
https://www.peakbagger.com/peak.aspx?pid=1630,"Elevation: 9131 feet, 2783 meters"
https://www.peakbagger.com/peak.aspx?pid=1803,"Elevation: 7835 feet, 2388 meters"
https://www.peakbagger.com/peak.aspx?pid=1840,"Elevation: 8347 feet, 2544 meters"
https://www.peakbagger.com/peak.aspx?pid=1857,"Elevation: 7433 feet, 2266 meters"
https://www.peakbagger.com/peak.aspx?pid=1661,"Elevation: 6107 feet, 1861 meters"
https://www.peakbagger.com/peak.aspx?pid=1610,"Elevation: 8979 feet, 2737 meters"
https://www.peakbagger.com/peak.aspx?pid=1848,"Elevation: 8120+ feet, 2475+ meters"
https://www.peakbagger.com/peak.aspx?pid=25514,"Elevation: 5966 feet, 1818 meters"
https://www.peakbagger.com/peak.aspx?pid=1842,"Elevation: 8102 feet, 2469 meters"
https://www.peakbagger.com/peak.aspx?pid=1642,"Elevation: 7240+ feet, 2207+ meters"
https://www.peakbagger.com/peak.aspx?pid=24228,"Elevation: 6220 feet, 1896 meters"
https://www.peakbagger.com/peak.aspx?pid=1658,"Elevation: 8000+ feet, 2438+ meters"
https://www.peakbagger.com/peak.aspx?pid=1787,"Elevation: 6989 feet, 2130 meters"
