name,link
Little Annapurna,peak.aspx?pid=2187
Cannon Mountain,peak.aspx?pid=2174
Queen Anne Hill,peak.aspx?pid=2035
Johannesburg Mountain,peak.aspx?pid=1863
Mount Annie,peak.aspx?pid=2947
Mount Baker,peak.aspx?pid=1633
Baker Point,peak.aspx?pid=25577
Mount Baker Ridge,peak.aspx?pid=56463
South Mount Baker Ridge,peak.aspx?pid=62129
Baker Mountain,peak.aspx?pid=56103
Baker Point Lookout Site,peak.aspx?pid=78605
Bedal Peak,peak.aspx?pid=1800
Bedal Peak-Central Peak,peak.aspx?pid=38083
Bedal Peak-Southeast Peak,peak.aspx?pid=38082
Big Devil Peak,peak.aspx?pid=24813
Black Peak,peak.aspx?pid=1830
Blackcap Mountain,peak.aspx?pid=1739
Mount Blum,peak.aspx?pid=1640
Blumaer Hill,peak.aspx?pid=34131
Mount Buckner,peak.aspx?pid=1852
Mount Buckner-Northeast Peak,peak.aspx?pid=24507
Mount Challenger,peak.aspx?pid=1650
Mount Challenger-West Peak,peak.aspx?pid=38221
Mount Challenger-Middle Peak,peak.aspx?pid=38222
Circle Peak,peak.aspx?pid=25588
Coleman Pinnacle,peak.aspx?pid=25965
Coleman Pinnacle-West Peak,peak.aspx?pid=-72277
Colonial Peak,peak.aspx?pid=1838
Mount Rainier [Columbia Crest],peak.aspx?pid=2296
Columbia Peak,peak.aspx?pid=1813
Columbia Mountain,peak.aspx?pid=25177
Columbia-Nisqually-Deschutes Triple Divide,peak.aspx?pid=24179
Possession Hill [Columbia Beach Hill],peak.aspx?pid=24362
Columbia Benchmark,peak.aspx?pid=44084
2825' Summit on Columbia Hills Ridge,peak.aspx?pid=-26732
2322' Columbia Hills Ridge Summit,peak.aspx?pid=-27992
2846' Summit  on Columbia Hills Ridge,peak.aspx?pid=-28805
Corteo Peak,peak.aspx?pid=1832
Mount Rainier-Southeast Crater Rim,peak.aspx?pid=24166
Crater Mountain,peak.aspx?pid=1701
Crater Lake Mountain,peak.aspx?pid=31956
East Crater,peak.aspx?pid=39319
Cutthroat Peak,peak.aspx?pid=1718
Southwest Cutthroat Peak,peak.aspx?pid=85852
Del Campo Peak,peak.aspx?pid=1808
Del Campo Peak-Southeast Peak,peak.aspx?pid=-71135
Desolation Peak,peak.aspx?pid=1688
Dock Butte,peak.aspx?pid=1623
Dome Peak,peak.aspx?pid=1886
Oyster Dome,peak.aspx?pid=25613
Eldorado Peak,peak.aspx?pid=1846
Mount Erie,peak.aspx?pid=772
Domerie Peak,peak.aspx?pid=24412
Fisher Peak,peak.aspx?pid=1826
Fisher Benchmark,peak.aspx?pid=-84981
Forbidden Peak,peak.aspx?pid=1849
Fortress Mountain,peak.aspx?pid=1981
Gee Point,peak.aspx?pid=24588
Gee Point North,peak.aspx?pid=47019
Glacier Peak,peak.aspx?pid=1972
Glacier View Wilderness High Point,peak.aspx?pid=2288
Glacier Island,peak.aspx?pid=2300
Glacier View,peak.aspx?pid=25672
Glacier Vista,peak.aspx?pid=52052
Glacier Gap Peak,peak.aspx?pid=60937
Green Mountain,peak.aspx?pid=1060
Green Mountain,peak.aspx?pid=1862
Green Mountain,peak.aspx?pid=2084
Greenwood Mountain,peak.aspx?pid=2007
Evergreen Mountain,peak.aspx?pid=24901
Green Mountain,peak.aspx?pid=24727
Hurricane Hill,peak.aspx?pid=907
Hurricane Ridge,peak.aspx?pid=26589
Hurricane Peak,peak.aspx?pid=25517
Hurry-Up Peak,peak.aspx?pid=1869
Jack Mountain,peak.aspx?pid=1699
Seven Fingered Jack,peak.aspx?pid=2013
Bearjack Ridge-West Peak,peak.aspx?pid=21489
Bearjack Ridge-East Peak,peak.aspx?pid=21482
Yellowjacket Tower,peak.aspx?pid=26048
Bootjack Mountain,peak.aspx?pid=21442
Jack Ridge,peak.aspx?pid=21420
Little Jack,peak.aspx?pid=1700
Jumbo Mountain,peak.aspx?pid=19110
Jumbo Peak,peak.aspx?pid=24842
Jumbo Mountain,peak.aspx?pid=24944
Jumbo Mountain-North Peak,peak.aspx?pid=38078
Jumbo Mountain-South Peak,peak.aspx?pid=38077
Kyes Peak,peak.aspx?pid=1812
South Kyes Tower,peak.aspx?pid=-71130
Le Conte Mountain,peak.aspx?pid=1875
Le Conte Mountain-Middle Peak,peak.aspx?pid=36258
Le Conte Mountain-South Peak,peak.aspx?pid=36257
Little Devil Peak,peak.aspx?pid=24784
Little Tahoma,peak.aspx?pid=2297
Little Annapurna,peak.aspx?pid=2187
Little Si,peak.aspx?pid=2089
Little Big Chief Mountain,peak.aspx?pid=2140
McClain Peak [Little Phelps],peak.aspx?pid=2052
Little Mystery,peak.aspx?pid=947
Mount Logan,peak.aspx?pid=1828
Thunder Peak [Logan Northeast],peak.aspx?pid=1827
Mount Logan-Middle Peak,peak.aspx?pid=37977
Mount Logan-South Peak,peak.aspx?pid=37978
Mount Logan Sub-Summit,peak.aspx?pid=-70633
Rattlesnake Hills Lookout,peak.aspx?pid=3092
Lookout Mountain,peak.aspx?pid=1621
Hidden Lake Lookout,peak.aspx?pid=25626
Alpine Lookout,peak.aspx?pid=24731
Lookout Mountain,peak.aspx?pid=24595
Mount Fremont Lookout,peak.aspx?pid=25575
Mebee Pass Lookout,peak.aspx?pid=30162
Copper Mountain Lookout,peak.aspx?pid=24600
Sourdough Mountain-Lookout Site,peak.aspx?pid=25632
Puyallup Ridge Lookout,peak.aspx?pid=25175
Miners Ridge Lookout,peak.aspx?pid=26517
Mount Higgins Lookout Site,peak.aspx?pid=24585
Luna Peak,peak.aspx?pid=1651
Luna Butte,peak.aspx?pid=68745
Mount Prophet,peak.aspx?pid=1649
Mount Pugh,peak.aspx?pid=1974
Mount Pugh Northwest Ridge,peak.aspx?pid=-26423
Ruby Mountain,peak.aspx?pid=1814
Ruby Hill,peak.aspx?pid=18867
Ruby Mountain-West Peak,peak.aspx?pid=25001
Ruby Mountain,peak.aspx?pid=69188
Mount Ruth,peak.aspx?pid=2292
Ruth Mountain,peak.aspx?pid=1627
Ruth Peak,peak.aspx?pid=970
Ruth Mountain-Northeast Ridge,peak.aspx?pid=24167
Sahale Peak,peak.aspx?pid=1854
Sahale Arm,peak.aspx?pid=-82493
Sauk Mountain,peak.aspx?pid=24532
Sauk Lookout Tree Site,peak.aspx?pid=62244
Sentinel Peak,peak.aspx?pid=925
Sentinel Peak,peak.aspx?pid=1879
Sentinels Sister,peak.aspx?pid=926
Sentinel Mountain,peak.aspx?pid=43804
Sentinel Butte,peak.aspx?pid=58751
Mount Shuksan,peak.aspx?pid=1630
Mount Shuksan-Sulphide Peak,peak.aspx?pid=1632
Sloan Peak,peak.aspx?pid=1803
Snowfield Peak,peak.aspx?pid=1840
Snowking Mountain,peak.aspx?pid=1857
Snowking Mountain-West Peak,peak.aspx?pid=38016
Snowking Mountain-Middle Peak,peak.aspx?pid=66005
Snowking south peak,peak.aspx?pid=-82266
Sourdough Mountain,peak.aspx?pid=1661
Sourdough Mountain-Lookout Site,peak.aspx?pid=25632
Sourdough Mountain,peak.aspx?pid=893
Sourdough,peak.aspx?pid=-26589
Sourdough Peak,peak.aspx?pid=-28614
Sourdough Mountain South Ridge,peak.aspx?pid=-60416
Mount Spickard,peak.aspx?pid=1610
Mount Spickard-Northeast Peak,peak.aspx?pid=1609
Solitude Peak [Mount Spickard-Southwest Peak],peak.aspx?pid=1611
Mount Torment,peak.aspx?pid=1848
Trappers Peak,peak.aspx?pid=25514
Tricouni Peak,peak.aspx?pid=1842
Mount Triumph,peak.aspx?pid=1642
Mount Watson,peak.aspx?pid=24228
Mount Watson-East Peak,peak.aspx?pid=1645
East Rock [Watson Benchmark],peak.aspx?pid=36190
White Chuck Mountain,peak.aspx?pid=1787
White Chuck Cinder Cone,peak.aspx?pid=25602
White Chuck-Northwest Peak,peak.aspx?pid=38081
